[
  {
    "code": "FR",
    "flag": "🇫🇷",
    "region": "europe",
    "name": {
      "fr": "France",
      "en": "France"
    }
  },
  {
    "code": "DE",
    "flag": "🇩🇪",
    "region": "europe",
    "name": {
      "fr": "Allemagne",
      "en": "Germany"
    }
  },
  {
    "code": "ES",
    "flag": "🇪🇸",
    "region": "europe",
    "name": {
      "fr": "Espagne",
      "en": "Spain"
    }
  },
  {
    "code": "IT",
    "flag": "🇮🇹",
    "region": "europe",
    "name": {
      "fr": "Italie",
      "en": "Italy"
    }
  },
  {
    "code": "PT",
    "flag": "🇵🇹",
    "region": "europe",
    "name": {
      "fr": "Portugal",
      "en": "Portugal"
    }
  },
  {
    "code": "GB",
    "flag": "🇬🇧",
    "region": "europe",
    "name": {
      "fr": "Royaume-Uni",
      "en": "United Kingdom"
    }
  },
  {
    "code": "BE",
    "flag": "🇧🇪",
    "region": "europe",
    "name": {
      "fr": "Belgique",
      "en": "Belgium"
    }
  },
  {
    "code": "NL",
    "flag": "🇳🇱",
    "region": "europe",
    "name": {
      "fr": "Pays-Bas",
      "en": "Netherlands"
    }
  },
  {
    "code": "CH",
    "flag": "🇨🇭",
    "region": "europe",
    "name": {
      "fr": "Suisse",
      "en": "Switzerland"
    }
  },
  {
    "code": "AT",
    "flag": "🇦🇹",
    "region": "europe",
    "name": {
      "fr": "Autriche",
      "en": "Austria"
    }
  },
  {
    "code": "IE",
    "flag": "🇮🇪",
    "region": "europe",
    "name": {
      "fr": "Irlande",
      "en": "Ireland"
    }
  },
  {
    "code": "GR",
    "flag": "🇬🇷",
    "region": "europe",
    "name": {
      "fr": "Grèce",
      "en": "Greece"
    }
  },
  {
    "code": "PL",
    "flag": "🇵🇱",
    "region": "europe",
    "name": {
      "fr": "Pologne",
      "en": "Poland"
    }
  },
  {
    "code": "CZ",
    "flag": "🇨🇿",
    "region": "europe",
    "name": {
      "fr": "République Tchèque",
      "en": "Czech Republic"
    }
  },
  {
    "code": "HU",
    "flag": "🇭🇺",
    "region": "europe",
    "name": {
      "fr": "Hongrie",
      "en": "Hungary"
    }
  },
  {
    "code": "RO",
    "flag": "🇷🇴",
    "region": "europe",
    "name": {
      "fr": "Roumanie",
      "en": "Romania"
    }
  },
  {
    "code": "BG",
    "flag": "🇧🇬",
    "region": "europe",
    "name": {
      "fr": "Bulgarie",
      "en": "Bulgaria"
    }
  },
  {
    "code": "HR",
    "flag": "🇭🇷",
    "region": "europe",
    "name": {
      "fr": "Croatie",
      "en": "Croatia"
    }
  },
  {
    "code": "SI",
    "flag": "🇸🇮",
    "region": "europe",
    "name": {
      "fr": "Slovénie",
      "en": "Slovenia"
    }
  },
  {
    "code": "SK",
    "flag": "🇸🇰",
    "region": "europe",
    "name": {
      "fr": "Slovaquie",
      "en": "Slovakia"
    }
  },
  {
    "code": "EE",
    "flag": "🇪🇪",
    "region": "europe",
    "name": {
      "fr": "Estonie",
      "en": "Estonia"
    }
  },
  {
    "code": "LV",
    "flag": "🇱🇻",
    "region": "europe",
    "name": {
      "fr": "Lettonie",
      "en": "Latvia"
    }
  },
  {
    "code": "LT",
    "flag": "🇱🇹",
    "region": "europe",
    "name": {
      "fr": "Lituanie",
      "en": "Lithuania"
    }
  },
  {
    "code": "CY",
    "flag": "🇨🇾",
    "region": "europe",
    "name": {
      "fr": "Chypre",
      "en": "Cyprus"
    }
  },
  {
    "code": "MT",
    "flag": "🇲🇹",
    "region": "europe",
    "name": {
      "fr": "Malte",
      "en": "Malta"
    }
  },
  {
    "code": "LU",
    "flag": "🇱🇺",
    "region": "europe",
    "name": {
      "fr": "Luxembourg",
      "en": "Luxembourg"
    }
  },
  {
    "code": "MC",
    "flag": "🇲🇨",
    "region": "europe",
    "name": {
      "fr": "Monaco",
      "en": "Monaco"
    }
  },
  {
    "code": "AD",
    "flag": "🇦🇩",
    "region": "europe",
    "name": {
      "fr": "Andorre",
      "en": "Andorra"
    }
  },
  {
    "code": "SE",
    "flag": "🇸🇪",
    "region": "europe",
    "name": {
      "fr": "Suède",
      "en": "Sweden"
    }
  },
  {
    "code": "NO",
    "flag": "🇳🇴",
    "region": "europe",
    "name": {
      "fr": "Norvège",
      "en": "Norway"
    }
  },
  {
    "code": "DK",
    "flag": "🇩🇰",
    "region": "europe",
    "name": {
      "fr": "Danemark",
      "en": "Denmark"
    }
  },
  {
    "code": "FI",
    "flag": "🇫🇮",
    "region": "europe",
    "name": {
      "fr": "Finlande",
      "en": "Finland"
    }
  },
  {
    "code": "IS",
    "flag": "🇮🇸",
    "region": "europe",
    "name": {
      "fr": "Islande",
      "en": "Iceland"
    }
  },
  {
    "code": "US-AL",
    "flag": "🇺🇸",
    "region": "america",
    "name": {
      "fr": "Alabama (États-Unis)",
      "en": "Alabama (United States)"
    }
  },
  {
    "code": "US-AK",
    "flag": "🇺🇸",
    "region": "america",
    "name": {
      "fr": "Alaska (États-Unis)",
      "en": "Alaska (United States)"
    }
  },
  {
    "code": "US-AZ",
    "flag": "🇺🇸",
    "region": "america",
    "name": {
      "fr": "Arizona (États-Unis)",
      "en": "Arizona (United States)"
    }
  },
  {
    "code": "US-AR",
    "flag": "🇺🇸",
    "region": "america",
    "name": {
      "fr": "Arkansas (États-Unis)",
      "en": "Arkansas (United States)"
    }
  },
  {
    "code": "US-CA",
    "flag": "🇺🇸",
    "region": "america",
    "name": {
      "fr": "Californie (États-Unis)",
      "en": "California (United States)"
    }
  },
  {
    "code": "US-CO",
    "flag": "🇺🇸",
    "region": "america",
    "name": {
      "fr": "Colorado (États-Unis)",
      "en": "Colorado (United States)"
    }
  },
  {
    "code": "US-CT",
    "flag": "🇺🇸",
    "region": "america",
    "name": {
      "fr": "Connecticut (États-Unis)",
      "en": "Connecticut (United States)"
    }
  },
  {
    "code": "US-DE",
    "flag": "🇺🇸",
    "region": "america",
    "name": {
      "fr": "Delaware (États-Unis)",
      "en": "Delaware (United States)"
    }
  },
  {
    "code": "US-FL",
    "flag": "🇺🇸",
    "region": "america",
    "name": {
      "fr": "Floride (États-Unis)",
      "en": "Florida (United States)"
    }
  },
  {
    "code": "US-GA",
    "flag": "🇺🇸",
    "region": "america",
    "name": {
      "fr": "Géorgie (États-Unis)",
      "en": "Georgia (United States)"
    }
  },
  {
    "code": "US-HI",
    "flag": "🇺🇸",
    "region": "america",
    "name": {
      "fr": "Hawaï (États-Unis)",
      "en": "Hawaii (United States)"
    }
  },
  {
    "code": "US-ID",
    "flag": "🇺🇸",
    "region": "america",
    "name": {
      "fr": "Idaho (États-Unis)",
      "en": "Idaho (United States)"
    }
  },
  {
    "code": "US-IL",
    "flag": "🇺🇸",
    "region": "america",
    "name": {
      "fr": "Illinois (États-Unis)",
      "en": "Illinois (United States)"
    }
  },
  {
    "code": "US-IN",
    "flag": "🇺🇸",
    "region": "america",
    "name": {
      "fr": "Indiana (États-Unis)",
      "en": "Indiana (United States)"
    }
  },
  {
    "code": "US-IA",
    "flag": "🇺🇸",
    "region": "america",
    "name": {
      "fr": "Iowa (États-Unis)",
      "en": "Iowa (United States)"
    }
  },
  {
    "code": "US-KS",
    "flag": "🇺🇸",
    "region": "america",
    "name": {
      "fr": "Kansas (États-Unis)",
      "en": "Kansas (United States)"
    }
  },
  {
    "code": "US-KY",
    "flag": "🇺🇸",
    "region": "america",
    "name": {
      "fr": "Kentucky (États-Unis)",
      "en": "Kentucky (United States)"
    }
  },
  {
    "code": "US-LA",
    "flag": "🇺🇸",
    "region": "america",
    "name": {
      "fr": "Louisiane (États-Unis)",
      "en": "Louisiana (United States)"
    }
  },
  {
    "code": "US-ME",
    "flag": "🇺🇸",
    "region": "america",
    "name": {
      "fr": "Maine (États-Unis)",
      "en": "Maine (United States)"
    }
  },
  {
    "code": "US-MD",
    "flag": "🇺🇸",
    "region": "america",
    "name": {
      "fr": "Maryland (États-Unis)",
      "en": "Maryland (United States)"
    }
  },
  {
    "code": "US-MA",
    "flag": "🇺🇸",
    "region": "america",
    "name": {
      "fr": "Massachusetts (États-Unis)",
      "en": "Massachusetts (United States)"
    }
  },
  {
    "code": "US-MI",
    "flag": "🇺🇸",
    "region": "america",
    "name": {
      "fr": "Michigan (États-Unis)",
      "en": "Michigan (United States)"
    }
  },
  {
    "code": "US-MN",
    "flag": "🇺🇸",
    "region": "america",
    "name": {
      "fr": "Minnesota (États-Unis)",
      "en": "Minnesota (United States)"
    }
  },
  {
    "code": "US-MS",
    "flag": "🇺🇸",
    "region": "america",
    "name": {
      "fr": "Mississippi (États-Unis)",
      "en": "Mississippi (United States)"
    }
  },
  {
    "code": "US-MO",
    "flag": "🇺🇸",
    "region": "america",
    "name": {
      "fr": "Missouri (États-Unis)",
      "en": "Missouri (United States)"
    }
  },
  {
    "code": "US-MT",
    "flag": "🇺🇸",
    "region": "america",
    "name": {
      "fr": "Montana (États-Unis)",
      "en": "Montana (United States)"
    }
  },
  {
    "code": "US-NE",
    "flag": "🇺🇸",
    "region": "america",
    "name": {
      "fr": "Nebraska (États-Unis)",
      "en": "Nebraska (United States)"
    }
  },
  {
    "code": "US-NV",
    "flag": "🇺🇸",
    "region": "america",
    "name": {
      "fr": "Nevada (États-Unis)",
      "en": "Nevada (United States)"
    }
  },
  {
    "code": "US-NH",
    "flag": "🇺🇸",
    "region": "america",
    "name": {
      "fr": "New Hampshire (États-Unis)",
      "en": "New Hampshire (United States)"
    }
  },
  {
    "code": "US-NJ",
    "flag": "🇺🇸",
    "region": "america",
    "name": {
      "fr": "New Jersey (États-Unis)",
      "en": "New Jersey (United States)"
    }
  },
  {
    "code": "US-NM",
    "flag": "🇺🇸",
    "region": "america",
    "name": {
      "fr": "Nouveau-Mexique (États-Unis)",
      "en": "New Mexico (United States)"
    }
  },
  {
    "code": "US-NY",
    "flag": "🇺🇸",
    "region": "america",
    "name": {
      "fr": "New York (États-Unis)",
      "en": "New York (United States)"
    }
  },
  {
    "code": "US-NC",
    "flag": "🇺🇸",
    "region": "america",
    "name": {
      "fr": "Caroline du Nord (États-Unis)",
      "en": "North Carolina (United States)"
    }
  },
  {
    "code": "US-ND",
    "flag": "🇺🇸",
    "region": "america",
    "name": {
      "fr": "Dakota du Nord (États-Unis)",
      "en": "North Dakota (United States)"
    }
  },
  {
    "code": "US-OH",
    "flag": "🇺🇸",
    "region": "america",
    "name": {
      "fr": "Ohio (États-Unis)",
      "en": "Ohio (United States)"
    }
  },
  {
    "code": "US-OK",
    "flag": "🇺🇸",
    "region": "america",
    "name": {
      "fr": "Oklahoma (États-Unis)",
      "en": "Oklahoma (United States)"
    }
  },
  {
    "code": "US-OR",
    "flag": "🇺🇸",
    "region": "america",
    "name": {
      "fr": "Oregon (États-Unis)",
      "en": "Oregon (United States)"
    }
  },
  {
    "code": "US-PA",
    "flag": "🇺🇸",
    "region": "america",
    "name": {
      "fr": "Pennsylvanie (États-Unis)",
      "en": "Pennsylvania (United States)"
    }
  },
  {
    "code": "US-RI",
    "flag": "🇺🇸",
    "region": "america",
    "name": {
      "fr": "Rhode Island (États-Unis)",
      "en": "Rhode Island (United States)"
    }
  },
  {
    "code": "US-SC",
    "flag": "🇺🇸",
    "region": "america",
    "name": {
      "fr": "Caroline du Sud (États-Unis)",
      "en": "South Carolina (United States)"
    }
  },
  {
    "code": "US-SD",
    "flag": "🇺🇸",
    "region": "america",
    "name": {
      "fr": "Dakota du Sud (États-Unis)",
      "en": "South Dakota (United States)"
    }
  },
  {
    "code": "US-TN",
    "flag": "🇺🇸",
    "region": "america",
    "name": {
      "fr": "Tennessee (États-Unis)",
      "en": "Tennessee (United States)"
    }
  },
  {
    "code": "US-TX",
    "flag": "🇺🇸",
    "region": "america",
    "name": {
      "fr": "Texas (États-Unis)",
      "en": "Texas (United States)"
    }
  },
  {
    "code": "US-UT",
    "flag": "🇺🇸",
    "region": "america",
    "name": {
      "fr": "Utah (États-Unis)",
      "en": "Utah (United States)"
    }
  },
  {
    "code": "US-VT",
    "flag": "🇺🇸",
    "region": "america",
    "name": {
      "fr": "Vermont (États-Unis)",
      "en": "Vermont (United States)"
    }
  },
  {
    "code": "US-VA",
    "flag": "🇺🇸",
    "region": "america",
    "name": {
      "fr": "Virginie (États-Unis)",
      "en": "Virginia (United States)"
    }
  },
  {
    "code": "US-WA",
    "flag": "🇺🇸",
    "region": "america",
    "name": {
      "fr": "Washington (États-Unis)",
      "en": "Washington (United States)"
    }
  },
  {
    "code": "US-WV",
    "flag": "🇺🇸",
    "region": "america",
    "name": {
      "fr": "Virginie-Occidentale (États-Unis)",
      "en": "West Virginia (United States)"
    }
  },
  {
    "code": "US-WI",
    "flag": "🇺🇸",
    "region": "america",
    "name": {
      "fr": "Wisconsin (États-Unis)",
      "en": "Wisconsin (United States)"
    }
  },
  {
    "code": "US-WY",
    "flag": "🇺🇸",
    "region": "america",
    "name": {
      "fr": "Wyoming (États-Unis)",
      "en": "Wyoming (United States)"
    }
  },
  {
    "code": "CA-AB",
    "flag": "🇨🇦",
    "region": "america",
    "name": {
      "fr": "Alberta (Canada)",
      "en": "Alberta (Canada)"
    }
  },
  {
    "code": "CA-BC",
    "flag": "🇨🇦",
    "region": "america",
    "name": {
      "fr": "Colombie-Britannique (Canada)",
      "en": "British Columbia (Canada)"
    }
  },
  {
    "code": "CA-MB",
    "flag": "🇨🇦",
    "region": "america",
    "name": {
      "fr": "Manitoba (Canada)",
      "en": "Manitoba (Canada)"
    }
  },
  {
    "code": "CA-NB",
    "flag": "🇨🇦",
    "region": "america",
    "name": {
      "fr": "Nouveau-Brunswick (Canada)",
      "en": "New Brunswick (Canada)"
    }
  },
  {
    "code": "CA-NL",
    "flag": "🇨🇦",
    "region": "america",
    "name": {
      "fr": "Terre-Neuve-et-Labrador (Canada)",
      "en": "Newfoundland and Labrador (Canada)"
    }
  },
  {
    "code": "CA-NS",
    "flag": "🇨🇦",
    "region": "america",
    "name": {
      "fr": "Nouvelle-Écosse (Canada)",
      "en": "Nova Scotia (Canada)"
    }
  },
  {
    "code": "CA-ON",
    "flag": "🇨🇦",
    "region": "america",
    "name": {
      "fr": "Ontario (Canada)",
      "en": "Ontario (Canada)"
    }
  },
  {
    "code": "CA-PE",
    "flag": "🇨🇦",
    "region": "america",
    "name": {
      "fr": "Île-du-Prince-Édouard (Canada)",
      "en": "Prince Edward Island (Canada)"
    }
  },
  {
    "code": "CA-QC",
    "flag": "🇨🇦",
    "region": "america",
    "name": {
      "fr": "Québec (Canada)",
      "en": "Quebec (Canada)"
    }
  },
  {
    "code": "CA-SK",
    "flag": "🇨🇦",
    "region": "america",
    "name": {
      "fr": "Saskatchewan (Canada)",
      "en": "Saskatchewan (Canada)"
    }
  },
  {
    "code": "CA-NT",
    "flag": "🇨🇦",
    "region": "america",
    "name": {
      "fr": "Territoires du Nord-Ouest (Canada)",
      "en": "Northwest Territories (Canada)"
    }
  },
  {
    "code": "CA-NU",
    "flag": "🇨🇦",
    "region": "america",
    "name": {
      "fr": "Nunavut (Canada)",
      "en": "Nunavut (Canada)"
    }
  },
  {
    "code": "CA-YT",
    "flag": "🇨🇦",
    "region": "america",
    "name": {
      "fr": "Yukon (Canada)",
      "en": "Yukon (Canada)"
    }
  },
  {
    "code": "MX",
    "flag": "🇲🇽",
    "region": "america",
    "name": {
      "fr": "Mexique",
      "en": "Mexico"
    }
  },
  {
    "code": "BR",
    "flag": "🇧🇷",
    "region": "america",
    "name": {
      "fr": "Brésil",
      "en": "Brazil"
    }
  },
  {
    "code": "AR",
    "flag": "🇦🇷",
    "region": "america",
    "name": {
      "fr": "Argentine",
      "en": "Argentina"
    }
  },
  {
    "code": "CL",
    "flag": "🇨🇱",
    "region": "america",
    "name": {
      "fr": "Chili",
      "en": "Chile"
    }
  },
  {
    "code": "CO",
    "flag": "🇨🇴",
    "region": "america",
    "name": {
      "fr": "Colombie",
      "en": "Colombia"
    }
  },
  {
    "code": "PE",
    "flag": "🇵🇪",
    "region": "america",
    "name": {
      "fr": "Pérou",
      "en": "Peru"
    }
  },
  {
    "code": "CR",
    "flag": "🇨🇷",
    "region": "america",
    "name": {
      "fr": "Costa Rica",
      "en": "Costa Rica"
    }
  },
  {
    "code": "PA",
    "flag": "🇵🇦",
    "region": "america",
    "name": {
      "fr": "Panama",
      "en": "Panama"
    }
  },
  {
    "code": "UY",
    "flag": "🇺🇾",
    "region": "america",
    "name": {
      "fr": "Uruguay",
      "en": "Uruguay"
    }
  },
  {
    "code": "PY",
    "flag": "🇵🇾",
    "region": "america",
    "name": {
      "fr": "Paraguay",
      "en": "Paraguay"
    }
  },
  {
    "code": "EC",
    "flag": "🇪🇨",
    "region": "america",
    "name": {
      "fr": "Équateur",
      "en": "Ecuador"
    }
  },
  {
    "code": "DO",
    "flag": "🇩🇴",
    "region": "america",
    "name": {
      "fr": "République Dominicaine",
      "en": "Dominican Republic"
    }
  },
  {
    "code": "BS",
    "flag": "🇧🇸",
    "region": "america",
    "name": {
      "fr": "Bahamas",
      "en": "Bahamas"
    }
  },
  {
    "code": "KY",
    "flag": "🇰🇾",
    "region": "america",
    "name": {
      "fr": "Îles Caïmans",
      "en": "Cayman Islands"
    }
  },
  {
    "code": "JP",
    "flag": "🇯🇵",
    "region": "asia",
    "name": {
      "fr": "Japon",
      "en": "Japan"
    }
  },
  {
    "code": "KR",
    "flag": "🇰🇷",
    "region": "asia",
    "name": {
      "fr": "Corée du Sud",
      "en": "South Korea"
    }
  },
  {
    "code": "CN",
    "flag": "🇨🇳",
    "region": "asia",
    "name": {
      "fr": "Chine",
      "en": "China"
    }
  },
  {
    "code": "HK",
    "flag": "🇭🇰",
    "region": "asia",
    "name": {
      "fr": "Hong Kong",
      "en": "Hong Kong"
    }
  },
  {
    "code": "SG",
    "flag": "🇸🇬",
    "region": "asia",
    "name": {
      "fr": "Singapour",
      "en": "Singapore"
    }
  },
  {
    "code": "TH",
    "flag": "🇹🇭",
    "region": "asia",
    "name": {
      "fr": "Thaïlande",
      "en": "Thailand"
    }
  },
  {
    "code": "MY",
    "flag": "🇲🇾",
    "region": "asia",
    "name": {
      "fr": "Malaisie",
      "en": "Malaysia"
    }
  },
  {
    "code": "ID",
    "flag": "🇮🇩",
    "region": "asia",
    "name": {
      "fr": "Indonésie",
      "en": "Indonesia"
    }
  },
  {
    "code": "PH",
    "flag": "🇵🇭",
    "region": "asia",
    "name": {
      "fr": "Philippines",
      "en": "Philippines"
    }
  },
  {
    "code": "VN",
    "flag": "🇻🇳",
    "region": "asia",
    "name": {
      "fr": "Vietnam",
      "en": "Vietnam"
    }
  },
  {
    "code": "IN",
    "flag": "🇮🇳",
    "region": "asia",
    "name": {
      "fr": "Inde",
      "en": "India"
    }
  },
  {
    "code": "TW",
    "flag": "🇹🇼",
    "region": "asia",
    "name": {
      "fr": "Taïwan",
      "en": "Taiwan"
    }
  },
  {
    "code": "KH",
    "flag": "🇰🇭",
    "region": "asia",
    "name": {
      "fr": "Cambodge",
      "en": "Cambodia"
    }
  },
  {
    "code": "LK",
    "flag": "🇱🇰",
    "region": "asia",
    "name": {
      "fr": "Sri Lanka",
      "en": "Sri Lanka"
    }
  },
  {
    "code": "GE",
    "flag": "🇬🇪",
    "region": "asia",
    "name": {
      "fr": "Géorgie",
      "en": "Georgia"
    }
  },
  {
    "code": "AE",
    "flag": "🇦🇪",
    "region": "middleEast",
    "name": {
      "fr": "Émirats Arabes Unis",
      "en": "United Arab Emirates"
    }
  },
  {
    "code": "QA",
    "flag": "🇶🇦",
    "region": "middleEast",
    "name": {
      "fr": "Qatar",
      "en": "Qatar"
    }
  },
  {
    "code": "SA",
    "flag": "🇸🇦",
    "region": "middleEast",
    "name": {
      "fr": "Arabie Saoudite",
      "en": "Saudi Arabia"
    }
  },
  {
    "code": "BH",
    "flag": "🇧🇭",
    "region": "middleEast",
    "name": {
      "fr": "Bahreïn",
      "en": "Bahrain"
    }
  },
  {
    "code": "OM",
    "flag": "🇴🇲",
    "region": "middleEast",
    "name": {
      "fr": "Oman",
      "en": "Oman"
    }
  },
  {
    "code": "KW",
    "flag": "🇰🇼",
    "region": "middleEast",
    "name": {
      "fr": "Koweït",
      "en": "Kuwait"
    }
  },
  {
    "code": "JO",
    "flag": "🇯🇴",
    "region": "middleEast",
    "name": {
      "fr": "Jordanie",
      "en": "Jordan"
    }
  },
  {
    "code": "IL",
    "flag": "🇮🇱",
    "region": "middleEast",
    "name": {
      "fr": "Israël",
      "en": "Israel"
    }
  },
  {
    "code": "TR",
    "flag": "🇹🇷",
    "region": "middleEast",
    "name": {
      "fr": "Turquie",
      "en": "Turkey"
    }
  },
  {
    "code": "MA",
    "flag": "🇲🇦",
    "region": "africa",
    "name": {
      "fr": "Maroc",
      "en": "Morocco"
    }
  },
  {
    "code": "TN",
    "flag": "🇹🇳",
    "region": "africa",
    "name": {
      "fr": "Tunisie",
      "en": "Tunisia"
    }
  },
  {
    "code": "EG",
    "flag": "🇪🇬",
    "region": "africa",
    "name": {
      "fr": "Égypte",
      "en": "Egypt"
    }
  },
  {
    "code": "ZA",
    "flag": "🇿🇦",
    "region": "africa",
    "name": {
      "fr": "Afrique du Sud",
      "en": "South Africa"
    }
  },
  {
    "code": "MU",
    "flag": "🇲🇺",
    "region": "africa",
    "name": {
      "fr": "Maurice",
      "en": "Mauritius"
    }
  },
  {
    "code": "SC",
    "flag": "🇸🇨",
    "region": "africa",
    "name": {
      "fr": "Seychelles",
      "en": "Seychelles"
    }
  },
  {
    "code": "KE",
    "flag": "🇰🇪",
    "region": "africa",
    "name": {
      "fr": "Kenya",
      "en": "Kenya"
    }
  },
  {
    "code": "GH",
    "flag": "🇬🇭",
    "region": "africa",
    "name": {
      "fr": "Ghana",
      "en": "Ghana"
    }
  },
  {
    "code": "AU",
    "flag": "🇦🇺",
    "region": "oceania",
    "name": {
      "fr": "Australie",
      "en": "Australia"
    }
  },
  {
    "code": "NZ",
    "flag": "🇳🇿",
    "region": "oceania",
    "name": {
      "fr": "Nouvelle-Zélande",
      "en": "New Zealand"
    }
  },
  {
    "code": "FJ",
    "flag": "🇫🇯",
    "region": "oceania",
    "name": {
      "fr": "Fidji",
      "en": "Fiji"
    }
  },
  {
    "code": "VU",
    "flag": "🇻🇺",
    "region": "oceania",
    "name": {
      "fr": "Vanuatu",
      "en": "Vanuatu"
    }
  }
]
